{
  "project_info": {
    "project_number": "1094310448870",
    "firebase_url": "https://nicktsai-4f155.firebaseio.com",
    "project_id": "nicktsai-4f155",
    "storage_bucket": "nicktsai-4f155.appspot.com"
  },
  "client": [
    {
      "client_info": {
        "mobilesdk_app_id": "1:1094310448870:android:d41073b6a49b6042dfb527",
        "android_client_info": {
          "package_name": "com.example.myapplication"
        }
      },
      "oauth_client": [
        {
          "client_id": "1094310448870-v49avtf9jlao3n54a47quq6tdobp9g72.apps.googleusercontent.com",
          "client_type": 1,
          "android_info": {
            "package_name": "com.example.myapplication",
            "certificate_hash": "bd1685c6006ffd7f8133dcffe73472d95bd44590"
          }
        },
        {
          "client_id": "1094310448870-dm7ctqo79hojc781lq8a6lrksout1mkp.apps.googleusercontent.com",
          "client_type": 3
        }
      ],
      "api_key": [
        {
          "current_key": "AIzaSyBuqHUiRIZVQpN8kzC7P6nJo6ix1SeJyzA"
        }
      ],
      "services": {
        "appinvite_service": {
          "other_platform_oauth_client": [
            {
              "client_id": "1094310448870-dm7ctqo79hojc781lq8a6lrksout1mkp.apps.googleusercontent.com",
              "client_type": 3
            }
          ]
        }
      }
    }
  ],
  "configuration_version": "1"
}